Firm,NWP (£m)_mean,NWP (£m)_std,NWP (£m)_count,EoF for SCR (£m)_mean,EoF for SCR (£m)_std,Total liabilities (£m)_mean,Excess of assets over liabilities (£m) [= equity]_mean,NWP_mean,NWP_std,NWP_count,NWP_cv,SCR_mean,SCR_std,Liabilities_mean,Equity_mean,size_metric,size_rank,vol_rank,outlier_total,size_norm,vol_norm,outlier_norm,attention_score,attention_rank
Firm 314,0.0,0.0,5,2.199530478191985,2.0164289307066725,0.00169665943552,2.199530454025298,0.0,0.0,5,0.0,2.199530478191985,2.0164289307066725,0.00169665943552,2.199530454025298,0.001695221734862471,226.0,227.0,0,0.9999999999955556,0.9999999999955753,0.0,0.7999999999964513,1.0
Firm 102,0.0,0.0,5,1.8472560517120002,4.130590103475899,0.0073427027968000005,1.8472560517120002,0.0,0.0,5,0.0,1.8472560517120002,4.130590103475899,0.0073427027968000005,1.8472560517120002,0.007315876393450434,225.0,227.0,0,0.995555555551131,0.9999999999955753,0.0,0.7979999999964602,2.0
Firm 83,0.0,0.0,5,27.621874236211198,1.5305764923453844,0.0199668094976,27.621874236211198,0.0,0.0,5,0.0,27.621874236211198,1.5305764923453844,0.0199668094976,27.621874236211198,0.019770087058516628,224.0,227.0,0,0.9911111111067062,0.9999999999955753,0.0,0.7959999999964691,3.0
Firm 18,0.0,0.0,5,4.975883886526464,2.781823153127778,0.12694894472192,4.975883886526464,0.0,0.0,5,0.0,4.975883886526464,2.781823153127778,0.12694894472192,4.975883886526464,0.1195139320988404,223.0,227.0,0,0.9866666666622815,0.9999999999955753,0.0,0.793999999996478,4.0
Firm 127,0.0,0.0,5,0.1431070631936,0.08072726180227614,0.180539025408,0.184278694912,0.0,0.0,5,0.0,0.1431070631936,0.08072726180227614,0.180539025408,0.184278694912,0.16597113536889094,222.0,227.0,0,0.9822222222178568,0.9999999999955753,0.0,0.7919999999964868,5.0
Firm 94,0.0,0.0,5,12.50184403847815,0.43317806824264415,0.3965730249338676,12.501844038073447,0.0,0.0,5,0.0,12.50184403847815,0.43317806824264415,0.3965730249338676,12.501844038073447,0.33402139643148415,218.0,227.0,0,0.9644444444401581,0.9999999999955753,0.0,0.7839999999965225,6.0
Firm 84,0.0,0.0,5,0.32872322738262016,0.735047482210659,0.4260087880615936,0.32872322738262016,0.0,0.0,5,0.0,0.32872322738262016,0.735047482210659,0.4260087880615936,0.32872322738262016,0.354879484709155,217.0,227.0,0,0.9599999999957334,0.9999999999955753,0.0,0.7819999999965314,7.0
Firm 270,0.0,0.0,5,3.6372702601157427,2.1994343072247693,0.4652545733547212,3.6372702601157427,0.0,0.0,5,0.0,3.6372702601157427,2.1994343072247693,0.4652545733547212,3.6372702601157427,0.38202899758073766,216.0,227.0,0,0.9555555555513087,0.9999999999955753,0.0,0.7799999999965402,8.0
Firm 291,0.0,0.0,5,6.742852544862208,3.9689289986257443,0.664874461263872,6.742852541007872,0.0,0.0,5,0.0,6.742852544862208,3.9689289986257443,0.664874461263872,6.742852541007872,0.5097497219494697,213.0,227.0,0,0.9422222222180346,0.9999999999955753,0.0,0.773999999996567,9.0
Firm 217,0.0,0.0,5,68.51686183063416,62.601804525345294,0.8801843175851827,68.51686183063416,0.0,0.0,5,0.0,68.51686183063416,62.601804525345294,0.8801843175851827,68.51686183063416,0.631369813304841,212.0,227.0,0,0.9377777777736099,0.9999999999955753,0.0,0.7719999999965759,10.0
Firm 271,0.0,0.0,5,3.5966571924493516,0.14793907558064778,1.2087697105013553,3.5966576722370966,0.0,0.0,5,0.0,3.5966571924493516,0.14793907558064778,1.2087697105013553,3.5966576722370966,0.7924356684382589,210.0,227.0,0,0.9288888888847605,0.9999999999955753,0.0,0.7679999999965936,11.0
Firm 300,0.0,0.0,5,12.321699545292798,0.2027451701487622,1.3076719450112002,12.321699545292798,0.0,0.0,5,0.0,12.321699545292798,0.2027451701487622,1.3076719450112002,12.321699545292798,0.8362392003332085,209.0,227.0,0,0.9244444444403358,0.9999999999955753,0.0,0.7659999999966025,12.0
Firm 224,0.0,0.0,5,2.8724765881718577,0.8082664844337482,1.689917066734776,2.872476588730737,0.0,0.0,5,0.0,2.8724765881718577,0.8082664844337482,1.689917066734776,2.872476588730737,0.9895103629283666,208.0,227.0,0,0.9199999999959112,0.9999999999955753,0.0,0.7639999999966114,13.0
Firm 238,0.0,0.0,5,4.573968110669988,2.5723436454227526,2.2681423551535103,4.573968110669988,0.0,0.0,5,0.0,4.573968110669988,2.5723436454227526,2.2681423551535103,4.573968110669988,1.1842217363775245,205.0,227.0,0,0.9066666666626371,0.9999999999955753,0.0,0.757999999996638,14.0
Firm 239,0.0,0.0,5,4.8122275311616,2.837306069861866,5.6707876202496,4.8122275311616,0.0,0.0,5,0.0,4.8122275311616,2.837306069861866,5.6707876202496,4.8122275311616,1.8977379369516085,199.0,227.0,0,0.8799999999960889,0.9999999999955753,0.0,0.7459999999966913,15.0
Firm 12,0.0,0.0,5,3.3914978899968,0.08715094671127546,5.8337541496832,3.3914978899968,0.0,0.0,5,0.0,3.3914978899968,0.08715094671127546,5.8337541496832,3.3914978899968,1.9218741784605733,198.0,227.0,0,0.8755555555516642,0.9999999999955753,0.0,0.7439999999967002,16.0
Firm 248,0.0,0.0,5,18.002166694228972,0.593768050900133,15.978749745885452,18.002166754857676,0.0,0.0,5,0.0,18.002166694228972,0.593768050900133,15.978749745885452,18.002166754857676,2.8319625471879406,188.0,227.0,1,0.8311111111074173,0.9999999999955753,0.09999999999,0.743999999994789,17.0
Firm 85,0.0,0.0,5,17.684167711879617,1.1709631366152455,8.919079085315646,17.684167711879617,0.0,0.0,5,0.0,17.684167711879617,1.1709631366152455,8.919079085315646,17.684167711879617,2.2944600828458577,194.0,227.0,0,0.8577777777739655,0.9999999999955753,0.0,0.7359999999967358,18.0
Firm 108,0.0,0.0,5,8.947601573376001,0.18884580756686978,14.59170525933568,8.947601573376001,0.0,0.0,5,0.0,8.947601573376001,0.18884580756686978,14.59170525933568,8.947601573376001,2.7467390587002476,190.0,227.0,0,0.8399999999962667,0.9999999999955753,0.0,0.7279999999967713,19.0
Firm 249,0.0,0.0,5,18.51958398356263,39.76465747419534,19.989257942954023,18.51958398356263,0.0,0.0,5,0.0,18.51958398356263,39.76465747419534,19.989257942954023,18.51958398356263,3.0440107803230982,186.0,227.0,0,0.8222222222185679,0.9999999999955753,0.0,0.7199999999968069,20.0
Firm 145,0.0,0.0,5,3.3820800126976005,0.10265923515431341,21.5373664294912,3.3820800126976005,0.0,0.0,5,0.0,3.3820800126976005,0.10265923515431341,21.5373664294912,3.3820800126976005,3.1151746619224645,185.0,227.0,0,0.8177777777741433,0.9999999999955753,0.0,0.7179999999968159,21.0
Firm 190,0.0,0.0,5,13.263854867091457,0.5730602023586613,29.893616513630207,13.263855198564352,0.0,0.0,5,0.0,13.263854867091457,0.5730602023586613,29.893616513630207,13.263855198564352,3.4305495772426027,181.0,227.0,0,0.7999999999964444,0.9999999999955753,0.0,0.7099999999968514,22.0
Firm 191,0.0,0.0,5,8.863168249470833,8.097721453715495,35.629751456451814,8.863168249470833,0.0,0.0,5,0.0,8.863168249470833,8.097721453715495,35.629751456451814,8.863168249470833,3.6008607915220523,178.0,227.0,0,0.7866666666631704,0.9999999999955753,0.0,0.703999999996878,23.0
Firm 135,0.0,0.0,5,17.362085984094985,1.9366997009434375,38.210598957234666,13.675600828744498,0.0,0.0,5,0.0,17.362085984094985,1.9366997009434375,38.210598957234666,13.675600828744498,3.6689470918120186,177.0,227.0,0,0.7822222222187457,0.9999999999955753,0.0,0.7019999999968869,24.0
Firm 56,-0.007170028544,0.01603267122499784,5,8.443792719203472,1.414914434362966,4.498701626573681,8.443792719203472,-0.007170028544,0.01603267122499784,5,-2.23606797749979,8.443792719203472,1.414914434362966,4.498701626573681,8.443792719203472,1.7116564425754348,202.0,189.0,0,0.893333333329363,0.8318584070759653,0.0,0.6931504424748012,25.0
Firm 256,0.0,0.0,5,5.961505377295728,5.865764279687874,113.34684605940029,5.961505377777521,0.0,0.0,5,0.0,5.961505377295728,5.865764279687874,113.34684605940029,5.961505377777521,4.739236338622741,164.0,227.0,0,0.7244444444412247,0.9999999999955753,0.0,0.6759999999970024,26.0
Firm 122,0.0,0.0,5,37.47906777752492,1.5599049532545115,144.3193366269582,38.26227837603758,0.0,0.0,5,0.0,37.47906777752492,1.5599049532545115,144.3193366269582,38.26227837603758,4.978933642430376,163.0,227.0,0,0.7199999999968001,0.9999999999955753,0.0,0.6739999999970114,27.0
Firm 96,-0.0011956150272,0.005466692683710091,5,27.6179732627456,37.83802761355161,26.9652992761856,27.6179732627456,-0.0011956150272,0.005466692683710091,5,-4.572285024312959,27.6179732627456,37.83802761355161,26.9652992761856,27.6179732627456,3.3321593308775044,184.0,193.0,0,0.8133333333297186,0.8495575221201347,0.0,0.6633451327404205,28.0
Firm 129,0.0,0.0,5,28.992824826314937,1.144972324417862,185.00733810540783,28.992824826334207,0.0,0.0,5,0.0,28.992824826314937,1.144972324417862,185.00733810540783,28.992824826334207,5.225786125114596,157.0,227.0,0,0.6933333333302519,0.9999999999955753,0.0,0.6619999999970647,29.0
Firm 41,6.277874436206592,0.10194480600981425,5,5.646682950547435,0.4077048543532319,0.9850752508988005,5.646682950547435,6.277874436206592,0.10194480600981425,5,0.016238745620948486,5.646682950547435,0.4077048543532319,0.9850752508988005,5.646682950547435,2.6704956697209123,192.0,180.0,0,0.848888888885116,0.792035398226584,0.0,0.6592123893776066,30.0
Firm 225,-0.0031976349839155207,0.012239736515905354,5,-1.7103832524262608,1.8505969054231464,29.728431830922585,-1.7103832524262608,-0.0031976349839155207,0.012239736515905354,5,-3.8277466244498406,-1.7103832524262608,1.8505969054231464,29.728431830922585,-1.7103832524262608,3.428380877702878,183.0,191.0,0,0.8088888888852939,0.84070796459805,0.0,0.6582477876076998,31.0
Firm 205,-0.15209180948480033,9.40523254030519,5,8.65991299495723,6.92368308240086,34.65275749552435,8.65991299495723,-0.15209180948480033,9.40523254030519,5,-61.83917840260245,8.65991299495723,6.92368308240086,34.65275749552435,8.65991299495723,3.7154057478035813,176.0,195.0,0,0.777777777774321,0.8584070796422195,0.0,0.6504424778732212,32.0
Firm 109,0.0,0.0,5,-69.38469829253324,24.718793737977588,329.52283403815323,-69.38469829253324,0.0,0.0,5,0.0,-69.38469829253324,24.718793737977588,329.52283403815323,-69.38469829253324,5.80067574627932,143.0,227.0,0,0.6311111111083062,0.9999999999955753,0.0,0.6339999999971891,33.0
Firm 186,0.0,0.0,5,95.9364467591168,20.98023715554879,353.3943225368576,95.9364467591168,0.0,0.0,5,0.0,95.9364467591168,20.98023715554879,353.3943225368576,95.9364467591168,5.8704101986727455,142.0,227.0,0,0.6266666666638815,0.9999999999955753,0.0,0.631999999997198,34.0
Firm 39,10.370351245058048,0.14100482945030057,5,61.57669310155469,4.859888885894119,3.6300210856341915,61.57669310155469,10.370351245058048,0.14100482945030057,5,0.013596919344221432,61.57669310155469,4.859888885894119,3.6300210856341915,61.57669310155469,3.9635706217711553,174.0,182.0,0,0.7688888888854717,0.8008849557486687,0.0,0.6263097345104962,35.0
Firm 187,-1.9983261730816004,8.523585119288335,5,29.582963345259135,27.096488145275785,54.08315563602199,29.582963345259135,-1.9983261730816004,8.523585119288335,5,-4.265362298760363,29.582963345259135,27.096488145275785,54.08315563602199,29.582963345259135,5.106898154740361,160.0,192.0,0,0.706666666663526,0.8451327433590924,0.0,0.613796460174269,36.0
Firm 69,3.6140116250091525,0.1260963019558471,5,28.053294955708687,1.1725361678957056,13.506603583484623,28.053295040504075,3.6140116250091525,0.1260963019558471,5,0.03489095084344886,28.053294955708687,1.1725361678957056,13.506603583484623,28.053295040504075,4.2037016445614075,170.0,173.0,0,0.7511111111077728,0.7610619468992874,0.0,0.6043716814132484,37.0
Firm 49,4.304782176940032,0.04920592112309242,5,7.089269972308787,1.4068479747570368,26.675830684538063,7.089269972308787,4.304782176940032,0.04920592112309242,5,0.011430525192814624,7.089269972308787,1.4068479747570368,26.675830684538063,7.089269972308787,4.989168205113914,162.0,183.0,0,0.7155555555523754,0.8053097345097111,0.0,0.6038584070769678,38.0
Firm 207,-0.2983061289562726,0.41730339269053257,5,77.70021289267355,107.1231672248121,132.28092950550325,78.13576138725493,-0.2983061289562726,0.41730339269053257,5,-1.3989098854609965,77.70021289267355,107.1231672248121,132.28092950550325,78.13576138725493,5.153519589603091,159.0,185.0,0,0.7022222222191012,0.8141592920317958,0.0,0.6009557522097241,39.0
Firm 273,23.08290184267981,0.9799986035903999,5,11.475983706351165,0.7519066163714414,3.5346404327579855,11.475983706351165,23.08290184267981,0.9799986035903999,5,0.04245560676337507,11.475983706351165,0.7519066163714414,3.5346404327579855,11.475983706351165,4.693247914867011,166.0,170.0,0,0.7333333333300741,0.7477876106161603,0.0,0.5917256637141894,40.0
Firm 88,3.3080097866280957,0.340452206427568,5,10.50796471914234,0.7855402999032396,13.592180655619563,10.50796471914234,3.3080097866280957,0.340452206427568,5,0.10291753301449452,10.50796471914234,0.7855402999032396,13.592180655619563,10.50796471914234,4.140961844736826,171.0,158.0,0,0.7555555555521976,0.6946902654836519,0.0,0.583141592917767,41.0
Firm 142,0.0,0.0,5,13.73368186533683,30.709446232249267,2961.4650088751514,71.39891717450956,0.0,0.0,5,0.0,13.73368186533683,30.709446232249267,2961.4650088751514,71.39891717450956,7.993776974023472,109.0,227.0,0,0.4799999999978667,0.9999999999955753,0.0,0.5659999999974914,42.0
Firm 141,0.0,0.0,5,-58.408800078584775,25.263183402431835,3893.768721606403,-65.30971789961167,0.0,0.0,5,0.0,-58.408800078584775,25.263183402431835,3893.768721606403,-65.30971789961167,8.267389578263687,106.0,227.0,0,0.4666666666645926,0.9999999999955753,0.0,0.559999999997518,43.0
Firm 178,25.955389691891714,1.5622700320109264,5,11.46736225215701,0.8551656016311361,7.499999492734955,11.46736225215701,25.955389691891714,1.5622700320109264,5,0.06019058278670225,11.46736225215701,0.8551656016311361,7.499999492734955,11.46736225215701,5.434249369745397,152.0,167.0,0,0.6711111111081284,0.7345132743330332,0.0,0.5590796460152194,44.0
Firm 244,2.3354169565184,1.0109103594652293,5,20.3634844612608,6.212070263178652,1.7135398854655999,20.3634844612608,2.3354169565184,1.0109103594652293,5,0.4328607603210509,20.3634844612608,6.212070263178652,1.7135398854655999,20.3634844612608,2.2028517093094413,195.0,107.0,0,0.8622222222183902,0.46902654867049104,0.0,0.5521592920329474,45.0
Firm 294,-0.000822900736,0.0018400619844306085,5,103.1246327841925,26.76606994018458,507.0028120425436,103.1246327932502,-0.000822900736,0.0018400619844306085,5,-2.23606797749979,103.1246327841925,26.76606994018458,507.0028120425436,103.1246327932502,6.2313095454188,131.0,189.0,0,0.5777777777752099,0.8318584070759653,0.0,0.5511504424754323,46.0
Firm 55,-7.683419799287807,42.614990435037,5,537.1271773493141,190.5344767659929,83.61312749718756,537.1271773493141,-7.683419799287807,42.614990435037,5,-5.546357162338973,537.1271773493141,190.5344767659929,83.61312749718756,537.1271773493141,6.599504863109085,127.0,194.0,0,0.5599999999975112,0.8539823008811771,0.0,0.550893805307292,47.0
Firm 214,3.0384064242237443,0.33357950681730847,5,25.66688068937908,1.5718248216165707,43.241170737008886,25.66688068937908,3.0384064242237443,0.33357950681730847,5,0.10978765189470391,25.66688068937908,1.5718248216165707,43.241170737008886,25.66688068937908,5.185505984885719,158.0,153.0,0,0.6977777777746765,0.67256637167844,0.0,0.5493982300860585,48.0
Firm 223,26.938789669658625,3.1015480756067473,5,33.071207766910405,3.237346424406189,6.573118811190826,33.071207766910405,26.938789669658625,3.1015480756067473,5,0.11513316350288913,33.071207766910405,3.237346424406189,6.573118811190826,33.071207766910405,5.354621012777194,156.0,151.0,0,0.6888888888858272,0.6637168141563553,0.0,0.5423008849533466,49.0
Firm 70,17.93711469535232,1.9473639184757912,5,97.91424642566673,9.483440499477554,-11.022369144983122,97.91424642566673,17.93711469535232,1.9473639184757912,5,0.10856617418967454,97.91424642566673,9.483440499477554,-11.022369144983122,97.91424642566673,5.427892746876132,153.0,154.0,0,0.6755555555525531,0.6769911504394823,0.0,0.5409469026524677,50.0
Firm 61,-2.1017774862486123,4.245038158483484,5,150.0762888508497,33.53128168161163,220.09947452566902,150.07628885135074,-2.1017774862486123,4.245038158483484,5,-2.019737192094631,150.0762888508497,33.53128168161163,220.09947452566902,150.07628885135074,6.530588041054988,128.0,186.0,0,0.5644444444419359,0.8185840707928381,0.0,0.5405044247763644,51.0
Firm 2,25.010509684086784,2.621804028996557,5,42.380960035601596,11.677661973741914,8.433441464759479,42.3809600347151,25.010509684086784,2.621804028996557,5,0.10482809275433157,42.380960035601596,11.677661973741914,8.433441464759479,42.3809600347151,5.502761653576604,149.0,156.0,0,0.6577777777748544,0.6858407079615672,0.0,0.536044247785233,52.0
Firm 250,41.484848205045765,3.719344047305338,5,40.81460497067594,4.857373467393181,6.2206324117445435,40.81460497067594,41.484848205045765,3.719344047305338,5,0.08965548165734778,40.81460497067594,4.857373467393181,6.2206324117445435,40.81460497067594,5.726090040265293,145.0,161.0,0,0.6399999999971556,0.707964601766779,0.0,0.5357876106170927,53.0
Firm 146,0.22383771681140735,0.13490639179782057,5,25.00950083079483,0.9395008014621763,1.4823128326893773,25.00950083079483,0.22383771681140735,0.13490639179782057,5,0.6026973189307718,25.00950083079483,0.9395008014621763,1.4823128326893773,25.00950083079483,1.1111823104034626,206.0,82.0,0,0.9111111111070618,0.35840707964443186,0.0,0.535442477873729,54.0
Firm 200,4.205243794275389,1.4030964740910925,5,3.935718934558454,0.5406768865146531,5.748790459392962,3.935718934674084,4.205243794275389,1.4030964740910925,5,0.3336540145427792,3.935718934558454,0.5406768865146531,5.748790459392962,3.935718934674084,3.55902983707428,179.0,116.0,0,0.7911111111075951,0.5088495575198724,0.0,0.5340973451303731,55.0
Firm 204,11.218973981003776,1.2701627821078274,5,23.067615245619773,3.014472021945617,18.568239110592984,22.61157244561465,11.218973981003776,1.2701627821078274,5,0.11321559210837784,23.067615245619773,3.014472021945617,18.568239110592984,22.61157244561465,5.476897786284136,150.0,152.0,0,0.6622222222192791,0.6681415929173976,0.0,0.5318495575197648,56.0
Firm 161,15.749983912027526,2.2758834591249646,5,28.170394160431204,2.9155244866584047,17.285071365019384,28.17039417528967,15.749983912027526,2.2758834591249646,5,0.14450068468876207,28.170394160431204,2.9155244866584047,17.285071365019384,28.17039417528967,5.72448225231533,146.0,144.0,1,0.6444444444415802,0.6327433628290587,0.09999999999,0.5314601769868816,57.0
Firm 110,-0.5763544721408,0.795853333437934,5,36.735968381952,50.49468359696943,669.7438613172224,38.2121609545728,-0.5763544721408,0.795853333437934,5,-1.380840041861446,36.735968381952,50.49468359696943,669.7438613172224,38.2121609545728,6.96350222231179,123.0,184.0,0,0.5422222222198124,0.8097345132707534,0.0,0.5274070796436793,58.0
Firm 308,37.509406809497605,3.8284131763697933,5,37.700478193459205,5.086932351832958,9.4047935629312,37.700478193459205,37.509406809497605,3.8284131763697933,5,0.1020654151054294,37.700478193459205,5.086932351832958,9.4047935629312,37.700478193459205,5.993169163632759,139.0,159.0,0,0.6133333333306075,0.6991150442446942,0.0,0.5206902654844163,59.0
Firm 201,5.613643758903296,1.6166440531614712,5,17.032722500490628,0.8634617168139741,15.317630019915592,17.33143356105351,5.613643758903296,1.6166440531614712,5,0.28798479607785177,17.032722500490628,0.8634617168139741,15.317630019915592,17.33143356105351,4.681380871059988,167.0,122.0,0,0.7377777777744988,0.5353982300861266,0.0,0.5193893805286688,60.0
Firm 81,0.186211920001024,0.1566856971551841,5,3.818537451421696,0.13192651342931003,-0.098336408619008,3.818537451421696,0.186211920001024,0.1566856971551841,5,0.8414375253438259,3.818537451421696,0.13192651342931003,-0.098336408619008,3.818537451421696,0.2645616485075449,220.0,52.0,0,0.9733333333290074,0.2256637168131608,0.0,0.5169823008826596,61.0
Firm 163,0.37209446386483197,0.21390168282128658,5,4.454564659083264,2.5493235425424974,11.273885329997825,4.454564659083264,0.37209446386483197,0.21390168282128658,5,0.5748585469387394,4.454564659083264,2.5493235425424974,11.273885329997825,4.454564659083264,2.82381223955745,189.0,92.0,0,0.835555555551842,0.40265486725485555,0.0,0.5169292035375284,62.0
Firm 309,13.4916764930048,0.1977147930553543,5,180.82219537981442,12.571196506279296,104.7813033940992,180.82219537981442,13.4916764930048,0.1977147930553543,5,0.014654575593912736,180.82219537981442,12.571196506279296,104.7813033940992,180.82219537981442,7.334948236946294,119.0,181.0,0,0.5244444444421136,0.7964601769876263,0.0,0.5147610619446203,63.0
Firm 46,6.468820344186879,0.6726102382113153,5,50.01142044500378,27.850329895409995,61.25172754365644,50.01142044500378,6.468820344186879,0.6726102382113153,5,0.10397726361588441,50.01142044500378,27.850329895409995,61.25172754365644,50.01142044500378,6.141923354221037,135.0,157.0,0,0.5955555555529086,0.6902654867226095,0.0,0.5095929203517222,64.0
Firm 97,6.893637932941312,1.2873802806423444,5,43.42422105444026,5.615619317491599,33.21669400811225,43.42422105444026,6.893637932941312,1.2873802806423444,5,0.1867490421117979,43.42422105444026,5.615619317491599,33.21669400811225,43.42422105444026,5.59877076394508,147.0,138.0,0,0.6488888888860049,0.6061946902628045,0.0,0.5041681415906838,65.0
Firm 228,8.67382060024832,1.9773997377695078,5,33.90219723144188,1.52686349869712,37.362346487787704,33.90219723144188,8.67382060024832,1.9773997377695078,5,0.22797332673826545,33.90219723144188,1.52686349869712,37.362346487787704,33.90219723144188,5.916499748018253,141.0,130.0,1,0.6222222222194568,0.5707964601744655,0.09999999999,0.4997787610578185,66.0
Firm 177,0.07960840229183488,0.0942222697250548,5,30.239177863430616,16.932282051426746,0.28657344188870654,30.239177862756105,0.07960840229183488,0.0942222697250548,5,1.1835719222155374,30.239177863430616,16.932282051426746,0.28657344188870654,30.239177862756105,0.32858082260681976,219.0,39.0,0,0.9688888888845828,0.16814159291961,0.0,0.49484955751992576,67.0
Firm 183,0.002746210545664,0.0015587339101694113,5,16.89012783255142,60.849536699827866,52.86796063790695,16.89012783255142,0.002746210545664,0.0015587339101694113,5,0.5675944667208787,16.89012783255142,60.849536699827866,52.86796063790695,16.89012783255142,3.9892783254726587,173.0,97.0,0,0.764444444441047,0.42477876106006734,0.0,0.4926725663694947,68.0
Firm 212,103.38311822093722,2.1706791897725912,5,178.73091262131197,4.687620446583071,30.61352978886099,178.73091262131197,103.38311822093722,2.1706791897725912,5,0.020996456937327934,178.73091262131197,4.687620446583071,30.61352978886099,178.73091262131197,8.10165314634342,108.0,178.0,0,0.475555555553442,0.7831858407044993,0.0,0.48811504424562363,69.0
Firm 194,18.4732652824576,2.593072099473997,5,30.5941309888512,8.931791061654717,24.1743104038912,30.5941309888512,18.4732652824576,2.593072099473997,5,0.14036890933063167,30.5941309888512,8.931791061654717,24.1743104038912,30.5941309888512,6.194866559847785,133.0,145.0,0,0.5866666666640593,0.637168141590101,0.0,0.48700884955536206,70.0
Firm 319,0.0003854336,0.000527776692851058,5,3.813215792832511,2.1441935400737444,0.19634558796595203,3.813215792832511,0.0003854336,0.000527776692851058,5,1.3693063937629153,3.813215792832511,2.1441935400737444,0.19634558796595203,3.813215792832511,0.17965692627785945,221.0,31.0,0,0.9777777777734321,0.13274336283127106,0.0,0.4864601769889893,71.0
Firm 59,3.432529714214154,0.4017364654037829,5,80.60457576554802,14.763511988486435,166.9605063282163,80.60457576554802,3.432529714214154,0.4017364654037829,5,0.11703801535648373,80.60457576554802,14.763511988486435,166.9605063282163,80.60457576554802,6.612699333045809,126.0,150.0,0,0.5555555555530864,0.6592920353953129,0.0,0.4807522123872484,72.0
Firm 148,53.41610394260324,1.5615127345451583,5,76.44764437061097,4.188842813216995,-71.27536050644623,182.17857851970615,53.41610394260324,1.5615127345451583,5,0.029232995656572735,76.44764437061097,4.188842813216995,-71.27536050644623,182.17857851970615,8.277143414283449,105.0,175.0,0,0.4622222222201679,0.7699115044213721,0.0,0.47746902654655576,73.0
Firm 304,18.291225278398464,1.5876387090583834,5,16.661589768906424,2.37172252498967,128.36552569036925,16.661589768906424,18.291225278398464,1.5876387090583834,5,0.0867978325614605,16.661589768906424,2.37172252498967,128.36552569036925,16.661589768906424,7.822292273698396,113.0,162.0,0,0.4977777777755655,0.7123893805278213,0.0,0.4733362831837419,74.0
Firm 9,15.418344416034817,3.6027213160824965,5,27.727323370825992,1.110767412120967,26.071139398320724,27.727323186742904,15.418344416034817,3.6027213160824965,5,0.2336646022990463,27.727323370825992,1.110767412120967,26.071139398320724,27.727323186742904,6.09686746521308,138.0,128.0,0,0.6088888888861828,0.5619469026523808,0.0,0.47068141592711554,75.0
Firm 180,5.502672522747904,2.5858674448260577,5,87.37427087922573,14.88977642921372,33.71945064368505,87.37427083023712,5.502672522747904,2.5858674448260577,5,0.46992937234337484,87.37427087922573,14.88977642921372,33.71945064368505,87.37427083023712,5.419513316937866,155.0,106.0,0,0.6844444444414025,0.4646017699094487,0.0,0.47061061946693816,76.0
Firm 121,10.1215909812224,7.30892401004662,5,3.725386730053631,2.3500436048453106,0.619873419536384,3.725386730053631,10.1215909812224,7.30892401004662,5,0.7221121682950984,3.725386730053631,2.3500436048453106,0.619873419536384,3.725386730053631,2.8912363625421422,187.0,62.0,0,0.8266666666629926,0.26991150442358447,0.0,0.4664690265466012,77.0
Firm 4,24515.454133685256,1395.882514440591,5,25654.955718422825,2190.613935310889,61056.44404498071,19041.63848853528,24515.454133685256,1395.882514440591,5,0.05693888054566324,25654.955718422825,2190.613935310889,61056.44404498071,19041.63848853528,21.126670174089828,4.0,168.0,10,0.013333333333274074,0.7389380530940756,0.9999999999,0.4646283185628998,78.0
Firm 306,0.001068693669888,0.0010018366981428119,5,8.586839383468032,5.761318646849003,7.82132948117504,8.586827966924801,0.001068693669888,0.0010018366981428119,5,0.9374404718311892,8.586839383468032,5.761318646849003,7.82132948117504,8.586827966924801,2.1782407165097855,196.0,44.0,0,0.8666666666628149,0.19026548672482185,0.0,0.45659292035195437,79.0
Firm 36,0.000550206464,0.0006524559540214573,5,22.78443126911406,1.235413983189733,5.2392454888405,22.784431267186893,0.000550206464,0.0006524559540214573,5,1.1858384019666066,22.78443126911406,1.235413983189733,5.2392454888405,22.784431267186893,1.8314093149764996,200.0,38.0,0,0.8844444444405136,0.16371681415856762,0.0,0.45530088495372983,80.0
Firm 118,3.69271234050048,0.9824578785002598,5,7.157842222957527,1.3577055443906154,103.12232922122243,7.157842222957527,3.69271234050048,0.9824578785002598,5,0.26605318473496514,7.157842222957527,1.3577055443906154,103.12232922122243,7.157842222957527,6.191577189915612,134.0,123.0,0,0.591111111108484,0.5398230088471689,0.0,0.4549380530953269,81.0
Firm 297,11.366290536138015,1.7629164521429304,5,18.591182774410832,4.0343395030096465,95.8902941647651,18.591182774179572,11.366290536138015,1.7629164521429304,5,0.15510042142050734,18.591182774410832,4.0343395030096465,95.8902941647651,18.591182774179572,7.088553616076906,120.0,140.0,0,0.5288888888865383,0.6150442477848892,0.0,0.4532654867236534,82.0
Firm 14,15.980148134677401,3.817170634783425,5,23.58913957897081,2.5352425511158048,34.177317428610124,24.566352835081563,15.980148134677401,3.817170634783425,5,0.2388695400451295,23.58913957897081,2.5352425511158048,34.177317428610124,24.566352835081563,6.3924463885754275,130.0,127.0,0,0.5733333333307852,0.5575221238913384,0.0,0.45313274336082177,83.0
Firm 324,24.53855760165777,1.624339601408174,5,51.63950333965217,3.0988303781142883,222.8639895495569,51.63950333965217,24.53855760165777,1.624339601408174,5,0.06619539859581791,51.63950333965217,3.0988303781142883,222.8639895495569,51.63950333965217,8.651228050888502,99.0,166.0,0,0.4355555555536198,0.7300884955719908,0.0,0.4515309734493257,84.0
Firm 52,7.75232487015424,4.432157541098473,5,9.13420580521306,0.9763157339233408,24.987157969618004,7.225601532320317,7.75232487015424,4.432157541098473,5,0.5717197892675892,9.13420580521306,0.9763157339233408,24.987157969618004,7.225601532320317,5.426921856279135,154.0,94.0,0,0.6799999999969778,0.41150442477694027,0.0,0.4500265486705691,85.0
Firm 215,0.065741481984,0.14700242265780172,5,0.63594777750528,1.4220224606417178,0.3924156814848,0.63594777750528,0.065741481984,0.14700242265780172,5,2.2360679774997894,0.63594777750528,1.4220224606417178,0.3924156814848,0.63594777750528,0.39471092321262796,215.0,13.0,0,0.951111111106884,0.05309734513250842,0.0,0.4465840707944757,86.0
Firm 278,0.27386560471040006,0.6046942779439756,5,6.195941374332928,2.1579923343771776,0.723338282371072,6.195941374332928,0.27386560471040006,0.6046942779439756,5,2.2079964316198493,6.195941374332928,2.1579923343771776,0.723338282371072,6.195941374332928,0.7863193324074196,211.0,18.0,0,0.9333333333291852,0.07522123893772026,0.0,0.4463274336263355,87.0
Firm 316,-38.6507745055213,86.33043987521206,5,337.0496245026905,123.31433268982045,668.8949724965165,352.1837657094706,-38.6507745055213,86.33043987521206,5,-2.2336018095285435,337.0496245026905,123.31433268982045,668.8949724965165,352.1837657094706,10.187231424076122,79.0,187.0,0,0.34666666666512597,0.8230088495538805,0.0,0.44405309734316484,88.0
Firm 173,2.0456094794893107,3.2563184733692325,5,27.442894109582806,4.760024598467464,0.11045963685992462,27.442894109582806,2.0456094794893107,3.2563184733692325,5,1.591857344238636,27.442894109582806,4.760024598467464,0.11045963685992462,27.442894109582806,1.2184750554757473,204.0,25.0,0,0.9022222222182124,0.10619469026501684,0.0,0.44316814159095147,89.0
Firm 130,12.733666455986176,2.1438295455199725,5,9.69412099123792,2.6198460855317456,144.81030150175147,9.727243247368849,12.733666455986176,2.1438295455199725,5,0.1683591723507211,9.69412099123792,2.6198460855317456,144.81030150175147,9.727243247368849,7.602156695994516,115.0,139.0,0,0.5066666666644148,0.6106194690238469,0.0,0.4417168141573331,90.0
Firm 37,0.28497671058501634,0.5515779134636122,5,3.818321087923446,0.7276953989708608,2.1971896461053744,3.818321087923446,0.28497671058501634,0.5515779134636122,5,1.9355192651753956,3.818321087923446,0.7276953989708608,2.1971896461053744,3.818321087923446,1.4130127824633776,203.0,23.0,0,0.8977777777737876,0.0973451327429321,0.0,0.4380707964582307,91.0
Firm 289,2.1202512760483843,2.639285402037379,5,3.611518355436933,2.0413555455761214,3.8583062531509453,3.945696025076203,2.1202512760483843,2.639285402037379,5,1.2447984028366412,3.611518355436933,2.0413555455761214,3.8583062531509453,3.945696025076203,2.718603405360852,191.0,36.0,0,0.8444444444406914,0.1548672566364829,0.0,0.4342035398210802,92.0
Firm 235,3.4169453783511043,1.9200901592121757,5,21.80799633896016,4.509606742966364,83.57458327528096,21.80799633896016,3.4169453783511043,1.9200901592121757,5,0.5619317684670577,21.80799633896016,4.509606742966364,83.57458327528096,21.80799633896016,5.9230821536799185,140.0,100.0,0,0.6177777777750322,0.4380530973431945,0.0,0.43131858406888257,93.0
Firm 31,0.00016181130784768,0.0003618210838755577,5,1.527888339975291,2.0922121666244133,0.48674486718334975,1.527888339975291,0.00016181130784768,0.0003618210838755577,5,2.23606797749979,1.527888339975291,2.0922121666244133,0.48674486718334975,1.527888339975291,0.3967508754426818,214.0,4.0,0,0.9466666666624594,0.013274336283127105,0.0,0.43064601769720123,94.0
Firm 27,0.0020260883771392,0.003842619465317503,5,8.575688759067136,13.662987538155305,7.096096674620929,8.575688759067136,0.0020260883771392,0.003842619465317503,5,1.8965705092999012,8.575688759067136,13.662987538155305,7.096096674620929,8.575688759067136,2.0934060921372746,197.0,24.0,0,0.8711111111072396,0.10176991150397448,0.0,0.4276194690246489,95.0
Firm 287,50.9954442162176,6.825193496154674,5,109.55902966331186,9.59324021551996,92.72448071798784,109.55902966331186,50.9954442162176,6.825193496154674,5,0.13383927919553493,109.55902966331186,9.59324021551996,92.72448071798784,109.55902966331186,8.491515525637789,100.0,146.0,0,0.43999999999804446,0.6415929203511435,0.0,0.42255752212202025,96.0
Firm 100,28.570995414667266,4.244981678182103,5,42.82087894889988,1.9078924289506871,148.5793054755223,118.89477573862503,28.570995414667266,4.244981678182103,5,0.14857661123010402,42.82087894889988,1.9078924289506871,148.5793054755223,118.89477573862503,8.39462071987829,101.0,143.0,0,0.44444444444246917,0.6283185840680163,0.0,0.4199115044229168,97.0
Firm 202,4.918500324756645,10.998101073510648,5,1.5416862208000002,2.1110408010357027,0.0,1.5416862208000002,4.918500324756645,10.998101073510648,5,2.2360679774997894,1.5416862208000002,2.1110408010357027,0.0,1.5416862208000002,1.7780830932832543,201.0,13.0,0,0.8888888888849383,0.05309734513250842,0.0,0.41858407079460025,98.0
Firm 240,971.8586365120307,27.14173140600621,5,103.73630465215324,5.401181624495625,44.29188246290131,147.67573505215324,971.8586365120307,27.14173140600621,5,0.02792765365898996,103.73630465215324,5.401181624495625,44.29188246290131,147.67573505215324,10.693366606767334,74.0,176.0,0,0.32444444444300247,0.7743362831824144,0.0,0.4170176991131962,99.0
Firm 160,0.00448848990208,0.010036568537372255,5,1.0827096193499341,2.4210123087593747,1.8090837528592179,1.0827096193499341,0.00448848990208,0.010036568537372255,5,2.23606797749979,1.0827096193499341,2.4210123087593747,1.8090837528592179,1.0827096193499341,1.0373368102489275,207.0,4.0,0,0.9155555555514865,0.013274336283127105,0.0,0.41664601769726345,100.0
Firm 75,17.725002860643368,5.214416298054647,5,117.68365171779024,5.029444280905739,88.29854104069697,117.68365171779024,17.725002860643368,5.214416298054647,5,0.29418422885746026,117.68365171779024,5.029444280905739,88.29854104069697,117.68365171779024,7.421844832193447,117.0,119.0,0,0.5155555555532643,0.5221238938029995,0.0,0.4147433628300187,101.0
Firm 99,167.60957651776613,6.688409295397242,5,397.4001497687973,20.22188883071334,641.9004972128545,403.0416829741046,167.60957651776613,6.688409295397242,5,0.039904696583302264,397.4001497687973,20.22188883071334,641.9004972128545,403.0416829741046,11.593575808716682,65.0,171.0,1,0.28444444444318023,0.7522123893772026,0.09999999999,0.41127433627945204,102.0
Firm 185,0.00016210577911807998,0.00036247377802088983,5,3.505703015155425,2.01334798222022,9.877215093926257,3.505703015155425,0.00016210577911807998,0.00036247377802088983,5,2.2360324227358923,3.505703015155425,2.01334798222022,9.877215093926257,3.505703015155425,2.386832335672621,193.0,17.0,0,0.8533333333295408,0.0707964601766779,0.0,0.4087787610601306,103.0
Firm 196,5.338528603341435,3.132176460892603,5,30.3936040978622,6.294604167125509,72.04371304180177,30.3936040978622,5.338528603341435,3.132176460892603,5,0.5867115629823815,30.3936040978622,6.294604167125509,72.04371304180177,30.3936040978622,6.137704730747921,136.0,86.0,0,0.5999999999973333,0.3761061946886013,0.0,0.4016371681398105,104.0
Firm 283,9.205092451713025,2.902758156135108,5,299.7940480125036,13.740739526611884,256.7328928775258,299.7940480125036,9.205092451713025,2.902758156135108,5,0.3153426401051429,299.7940480125036,13.740739526611884,256.7328928775258,299.7940480125036,7.874810605378484,111.0,117.0,0,0.48888888888671606,0.5132743362809148,0.0,0.3996460176973424,105.0
Firm 174,8.716188513794048,5.197084895255529,5,42.93292934216819,3.568763846035816,49.968798168369524,41.10080993580753,8.716188513794048,5.197084895255529,5,0.5962565962210129,42.93292934216819,3.568763846035816,49.968798168369524,41.10080993580753,6.205007058237241,132.0,85.0,0,0.5822222222196346,0.37168141592755893,0.0,0.39208849557348113,106.0
Firm 166,8.229234363045887,10.410065445172595,5,33.55980837261396,11.972181371020122,27.44641057897935,33.55980837454113,8.229234363045887,10.410065445172595,5,1.2650102045847578,33.55980837261396,11.972181371020122,27.44641057897935,33.55980837454113,5.570398080829981,148.0,34.0,2,0.6533333333304296,0.14601769911439816,0.19999999998,0.3851061946847327,107.0
Firm 245,0.024268150188032002,0.0317645297512595,5,47.6550050336195,3.12045176654663,82.7795229626552,47.65500498351313,0.024268150188032002,0.0317645297512595,5,1.3088978560436133,47.6550050336195,3.12045176654663,82.7795229626552,47.65500498351313,4.45216697932855,168.0,33.0,0,0.7422222222189235,0.1415929203533558,0.0,0.38355752212219013,108.0
Firm 144,0.8987119569684481,1.3884729834719396,5,37.50290587658922,4.6875566357295915,28.183297659237848,37.50290587658922,0.8987119569684481,1.3884729834719396,5,1.544958841045759,37.50290587658922,4.6875566357295915,28.183297659237848,37.50290587658922,4.014772286547155,172.0,26.0,0,0.7599999999966223,0.11061946902605921,0.0,0.3807168141576007,109.0
Firm 252,5.8307434391838715,13.037938689376046,5,3.2810584623070205,7.336669759869429,3.9886069979135996,6.419836983907021,5.8307434391838715,13.037938689376046,5,2.2360679774997894,3.2810584623070205,7.336669759869429,3.9886069979135996,6.419836983907021,3.5285902287909305,180.0,13.0,0,0.7955555555520198,0.05309734513250842,0.0,0.37658407079478684,110.0
Firm 253,33.1712625099776,19.785601824590067,5,20.19469433462374,2.5912647554274333,21.54490583639859,20.194694332696574,33.1712625099776,19.785601824590067,5,0.5964681572984671,20.19469433462374,2.5912647554274333,21.54490583639859,20.194694332696574,6.646894148520273,125.0,84.0,0,0.5511111111086617,0.3672566371665166,0.0,0.3765398230071786,111.0
Firm 87,358.9871175012545,47.18163142344814,5,127.75678355853113,21.272729830776946,98.94440939959235,113.76145051536375,358.9871175012545,47.18163142344814,5,0.13142987345021723,127.75678355853113,21.272729830776946,98.94440939959235,113.76145051536375,10.490682371502114,75.0,147.0,0,0.3288888888874272,0.6460176991121858,0.0,0.37410619468860723,112.0
Firm 133,0.7629334347776,0.4834174936341414,5,46.2567105857536,30.85315446028671,381.304915254272,50.111046585753606,0.7629334347776,0.4834174936341414,5,0.6336299755627576,46.2567105857536,30.85315446028671,381.304915254272,50.111046585753606,6.513197643592331,129.0,77.0,0,0.5688888888863605,0.33628318583922,0.0,0.3736991150425892,113.0
Firm 5,57.43143330515763,16.84996902586069,5,143.80977651200655,8.240653139251476,137.1892593042434,144.7537913339261,57.43143330515763,16.84996902586069,5,0.29339280000778734,143.80977651200655,8.240653139251476,137.1892593042434,144.7537913339261,8.996478176380997,95.0,120.0,0,0.417777777775921,0.5265486725640418,0.0,0.37229203539657907,114.0
Firm 260,158.64379714032572,18.96913202573699,5,121.79429315897532,18.53705684346295,353.0546346266259,134.3208851609025,158.64379714032572,18.96913202573699,5,0.11957058749015041,121.79429315897532,18.53705684346295,353.0546346266259,134.3208851609025,10.942396301871195,73.0,148.0,0,0.3199999999985778,0.6504424778732282,0.0,0.37165486725498986,115.0
Firm 74,193.9867871868042,20.454619068744968,5,516.2792096226476,36.867218168106874,519.8413473082246,520.7026925153759,193.9867871868042,20.454619068744968,5,0.10544336222779804,516.2792096226476,36.867218168106874,519.8413473082246,520.7026925153759,11.528377277907541,67.0,155.0,0,0.29333333333202966,0.6814159292005247,0.0,0.370495575219597,116.0
Firm 115,204.97159417403427,43.56047540602175,5,108.70276450918573,30.1799631204656,107.62128689289759,108.86543239984812,204.97159417403427,43.56047540602175,5,0.2125195717072682,108.70276450918573,30.1799631204656,107.62128689289759,108.86543239984812,10.015605667119644,82.0,135.0,0,0.35999999999840004,0.5929203539796774,0.0,0.3695221238921671,117.0
Firm 64,0.951449536581632,1.90854815573437,5,23.086171887166255,14.53272338117732,37.617256179148356,23.086171887166255,0.951449536581632,1.90854815573437,5,2.0059373433418255,23.086171887166255,14.53272338117732,37.617256179148356,23.086171887166255,4.322271676365885,169.0,21.0,0,0.7466666666633481,0.08849557522084738,0.0,0.3669734513258032,118.0
Firm 21,0.00361157976254464,0.008075737855212364,5,26.48633801318697,24.14572392805446,29.723013448156916,28.309926203954397,0.00361157976254464,0.008075737855212364,5,2.23606797749979,26.48633801318697,24.14572392805446,29.723013448156916,28.309926203954397,3.4286170711525927,182.0,4.0,0,0.8044444444408692,0.013274336283127105,0.0,0.3666460176974856,119.0
Firm 164,190.44958855814554,108.68406515216894,5,150.6122399952423,84.44429852088429,14.051759679514626,150.6122399952423,190.44958855814554,108.68406515216894,5,0.5706710420064098,150.6122399952423,84.44429852088429,14.051759679514626,150.6122399952423,7.966119435425343,110.0,95.0,0,0.4844444444422914,0.41592920353798263,0.0,0.36357522123732505,120.0
Firm 213,19.069062699783046,6.556044030908737,5,77.42173876632936,103.3659925088973,418.43307711361956,89.75195872297198,19.069062699783046,6.556044030908737,5,0.34380525850299537,77.42173876632936,103.3659925088973,418.43307711361956,89.75195872297198,9.038083443220788,93.0,115.0,0,0.40888888888707164,0.50442477875883,0.0,0.36054867256477274,121.0
Firm 171,30.245513576564736,18.66961862275791,5,28.908229098150873,17.085560772741072,61.5713539394236,28.908229098150873,30.245513576564736,18.66961862275791,5,0.6172690232386654,28.908229098150873,17.085560772741072,61.5713539394236,28.908229098150873,7.578183368897445,116.0,81.0,0,0.5111111111088396,0.3539823008833895,0.0,0.3538938053081641,122.0
Firm 221,1442.2682590971904,56.0043533918882,5,345.4686146111488,36.893925808867984,510.291481682944,395.5749826111488,1442.2682590971904,56.0043533918882,5,0.0388307466649408,345.4686146111488,36.893925808867984,510.291481682944,395.5749826111488,13.51160528706784,45.0,172.0,0,0.19555555555468643,0.756637168138245,0.0,0.3528230088479946,123.0
Firm 284,69.58618659575808,5.082776687229719,5,407.0961071105323,37.424375600903446,13467.978701447213,472.3300750021018,69.58618659575808,5.082776687229719,5,0.07304289738934425,407.0961071105323,37.424375600903446,13467.978701447213,472.3300750021018,13.764978914367783,41.0,164.0,1,0.17777777777698767,0.721238938049906,0.09999999999,0.35243362831511155,124.0
Firm 139,537.8261909610516,39.19114985810368,5,295.68572377023554,21.85054128321156,958.8543440206073,295.685723713307,537.8261909610516,39.19114985810368,5,0.07286954506263871,295.68572377023554,21.85054128321156,958.8543440206073,295.685723713307,13.156174601128246,49.0,165.0,0,0.2133333333323852,0.7256637168109484,0.0,0.3499823008834053,125.0
Firm 266,893.6633439014519,21.674919547828598,5,567.8932480304927,75.20543461143905,1417.605929389089,567.8932480304927,893.6633439014519,21.674919547828598,5,0.024254009852527625,567.8932480304927,75.20543461143905,1417.605929389089,567.8932480304927,14.053877423952752,39.0,177.0,0,0.16888888888813827,0.7787610619434568,0.0,0.3485663716798721,126.0
Firm 230,0.08010788149284864,0.460219176349167,5,25.65007583099873,6.412269515018472,46.09840629878319,25.65007583099873,0.08010788149284864,0.460219176349167,5,5.744992474807257,25.65007583099873,6.412269515018472,46.09840629878319,25.65007583099873,3.9293000903246056,175.0,1.0,0,0.7733333333298963,0.0,0.0,0.3479999999984533,127.0
Firm 44,11.2064360534016,7.714490866982285,5,4.631642335182991,2.6470264569211572,92.73340705952563,4.631642335182991,11.2064360534016,7.714490866982285,5,0.6883982409947924,4.631642335182991,2.6470264569211572,92.73340705952563,4.631642335182991,7.042418015817504,122.0,68.0,0,0.5377777777753877,0.2964601769898387,0.0,0.345761061945368,128.0
Firm 72,348.0753154465265,52.46515726360267,5,473.3549250279485,29.830005215598707,920.4088166703632,473.3549250279485,348.0753154465265,52.46515726360267,5,0.15072932476207926,473.3549250279485,29.830005215598707,920.4088166703632,473.3549250279485,12.681191523724102,54.0,142.0,1,0.23555555555450866,0.6238938053069739,0.09999999999,0.34436283185496974,129.0
Firm 265,39.0503488601559,14.634825428947986,5,144.35113228417669,4.187425959902061,454.8655367135023,144.3511322541514,39.0503488601559,14.634825428947986,5,0.37476810978967423,144.35113228417669,4.187425959902061,454.8655367135023,144.3511322541514,9.812335274493794,87.0,112.0,0,0.3822222222205235,0.4911504424757029,0.0,0.34390265486573157,130.0
Firm 263,41.33680873458279,9.263009939264387,5,160.1298073877804,9.818220852224897,1464.8202329141016,176.5969357154126,41.33680873458279,9.263009939264387,5,0.22408623749212794,160.1298073877804,9.818220852224897,1464.8202329141016,176.5969357154126,11.03582714123499,71.0,132.0,0,0.3111111111097284,0.5796460176965502,0.0,0.3428761061931703,131.0
Firm 1,-2755.963125700264,6162.520892548587,5,446.9789243500135,996.784143380114,13939.311425694683,407.17077141121024,-2755.963125700264,6162.520892548587,5,-2.2360679774997894,446.9789243500135,996.784143380114,13939.311425694683,407.17077141121024,17.464425060645187,17.0,188.0,1,0.07111111111079506,0.827433628314923,0.09999999999,0.3416017699080808,132.0
Firm 255,4.249432420352,6.2805533242228035,5,128.07285908884583,175.50700926441516,42.77071863808,128.07285908846038,4.249432420352,6.2805533242228035,5,1.4779746335400143,128.07285908884583,175.50700926441516,42.77071863808,128.07285908846038,5.437085029925713,151.0,27.0,0,0.6666666666637038,0.11504424778710158,0.0,0.34026548672415224,133.0
Firm 111,4.294913477230592,3.946834185933286,5,79.85876085137211,73.04829479156888,84.97990688995182,79.85876085137211,4.294913477230592,3.946834185933286,5,0.9189554590231812,79.85876085137211,73.04829479156888,84.97990688995182,79.85876085137211,6.1208602665942236,137.0,45.0,0,0.604444444441758,0.1946902654858642,0.0,0.3401415929188436,134.0
Firm 246,95.9821764682299,51.234950100821976,5,201.5181585312385,128.00474378683276,87.64000837482506,201.51815850595403,95.9821764682299,51.234950100821976,5,0.533796502497323,201.5181585312385,128.00474378683276,87.64000837482506,201.51815850595403,9.059110531349788,92.0,103.0,0,0.40444444444264693,0.4513274336263216,0.0,0.3399646017684037,135.0
Firm 280,60.7878536185872,14.044285928791663,5,366.3239128754797,49.54751171474074,1072.379986920664,384.0952293069528,60.7878536185872,14.044285928791663,5,0.2310377006714598,366.3239128754797,49.54751171474074,1072.379986920664,384.0952293069528,11.10227461675878,70.0,129.0,0,0.30666666666530373,0.5663716814134232,0.0,0.3362300884940848,136.0
Firm 236,87.53540603925558,41.92634848412096,5,228.25674129769223,29.260534030840958,169.01591785960522,228.25674129753807,87.53540603925558,41.92634848412096,5,0.47896445999598075,228.25674129769223,29.260534030840958,169.01591785960522,228.25674129753807,9.619294607383194,88.0,105.0,0,0.38666666666494814,0.4601769911484063,0.0,0.33506194690116886,137.0
Firm 193,159.72405751787522,91.3419109448147,5,66.38651185868801,37.31411068837858,41.501533008896004,66.38651185868801,159.72405751787522,91.3419109448147,5,0.5718732191272585,66.38651185868801,37.31411068837858,41.501533008896004,66.38651185868801,8.829229112145654,97.0,93.0,0,0.4266666666647704,0.4070796460158979,0.0,0.3344778761047109,138.0
Firm 233,0.01806180851625984,0.040387431638941616,5,11.251885036596613,1.918202542835546,110.31816814701979,11.251885036596613,0.01806180851625984,0.040387431638941616,5,2.23606797749979,11.251885036596613,1.918202542835546,110.31816814701979,11.251885036596613,4.730293112702307,165.0,4.0,0,0.7288888888856494,0.013274336283127105,0.0,0.33264601769763674,139.0
Firm 322,2066.247786220749,37.48408713971106,5,2106.0542788079615,115.76866617936679,3885.6378608889854,2323.8242628079615,2066.247786220749,37.48408713971106,5,0.01814113843929192,2106.0542788079615,115.76866617936679,3885.6378608889854,2323.8242628079615,15.899273189494288,29.0,179.0,0,0.12444444444389137,0.7876106194655416,0.0,0.3316637168126907,140.0
Firm 63,63.92058971664187,36.8211016940328,5,114.59789599096298,39.55295243175241,112.08963896570091,114.59789599096298,63.92058971664187,36.8211016940328,5,0.5760444616869099,114.59789599096298,39.55295243175241,112.08963896570091,114.59789599096298,8.901345595775851,96.0,91.0,0,0.4222222222203457,0.39823008849381314,0.0,0.32938053097199016,141.0
Firm 22,36.45206150156493,9.021984112439084,5,141.15181275619852,18.314443183065073,2471.576087642233,187.72224357495355,36.45206150156493,9.021984112439084,5,0.24750271290011294,141.15181275619852,18.314443183065073,2471.576087642233,187.72224357495355,11.436077591808461,69.0,125.0,0,0.302222222220879,0.5486725663692537,0.0,0.32803539822863437,142.0
Firm 175,66.1926286768722,10.172548737470876,5,147.4531805591565,23.011784862007,3269.796083173922,203.80165055212544,66.1926286768722,10.172548737470876,5,0.15368099047900752,147.4531805591565,23.011784862007,3269.796083173922,203.80165055212544,12.300352233977947,56.0,141.0,0,0.24444444444335803,0.6194690265459316,0.0,0.32681415929058716,143.0
Firm 80,2145.5999435367958,96.50039372790552,5,464.3411718921093,38.07384872097835,1029.2781357025021,311.63813224606145,2145.5999435367958,96.50039372790552,5,0.04497594904334066,464.3411718921093,38.07384872097835,1029.2781357025021,311.63813224606145,14.60922452717738,34.0,169.0,0,0.14666666666601483,0.7433628318551179,0.0,0.3261769911489979,144.0
Firm 137,0.003854336,0.008618557304124629,5,84.45445401108479,5.331957458299062,163.4755093415936,84.45445401108479,0.003854336,0.008618557304124629,5,2.23606797749979,84.45445401108479,5.331957458299062,163.4755093415936,84.45445401108479,5.106608606817927,161.0,4.0,0,0.7111111111079507,0.013274336283127105,0.0,0.3246460176976723,145.0
Firm 229,233.6624205434839,51.079980670498884,5,406.09925932104426,33.06108151440468,788.7402400430954,446.2831044309294,233.6624205434839,51.079980670498884,5,0.21860588686743082,406.09925932104426,33.06108151440468,788.7402400430954,446.2831044309294,12.129852054370454,61.0,133.0,0,0.2666666666654815,0.5840707964575926,0.0,0.32442477875962406,146.0
Firm 227,294.693480722858,63.0898406635373,5,224.33034139635248,27.090141717339275,628.4487027530671,232.03901339635246,294.693480722858,63.0898406635373,5,0.21408631269610479,224.33034139635248,27.090141717339275,628.4487027530671,232.03901339635246,12.134167740974405,60.0,134.0,0,0.2622222222210568,0.588495575218635,0.0,0.3239734513259978,147.0
Firm 169,27.549686843641858,17.200124906765428,5,27.601252479555296,1.3695933416504367,153.35347201099495,27.601252479555296,27.549686843641858,17.200124906765428,5,0.6243310497278851,27.601252479555296,1.3695933416504367,153.35347201099495,27.601252479555296,8.390891212440275,102.0,79.0,0,0.4488888888868938,0.34513274336130473,0.0,0.32279646017555885,148.0
Firm 290,51.042008206803146,30.603419078284087,5,77.74255503680328,45.068249684902064,115.99474313795422,83.5240590368033,51.042008206803146,30.603419078284087,5,0.5995731781220376,77.74255503680328,45.068249684902064,115.99474313795422,83.5240590368033,8.714180245920492,98.0,83.0,0,0.4311111111091951,0.3628318584054742,0.0,0.32099115044105375,149.0
Firm 28,24.58163466392326,17.71796003545168,5,700.8065451047576,285.96848855259066,447.2538089090549,718.8626534163917,24.58163466392326,17.71796003545168,5,0.7207803824964938,700.8065451047576,285.96848855259066,447.2538089090549,718.8626534163917,9.347234307829906,91.0,63.0,2,0.3999999999982222,0.27433628318462683,0.19999999998,0.31601769910981936,150.0
Firm 107,2924.801479616307,90.11667775896245,5,1949.094591927175,136.2177343251598,5544.903049722227,1700.8045781763808,2924.801479616307,90.11667775896245,5,0.030811211764972337,1949.094591927175,136.2177343251598,5544.903049722227,1700.8045781763808,16.60213847716268,25.0,174.0,0,0.1066666666661926,0.7654867256603297,0.0,0.315920353980902,151.0
Firm 203,1057.3457611659694,86.70029649643308,5,951.3761463452283,72.65659859549457,3277.288837287135,1003.0346149819003,1057.3457611659694,86.70029649643308,5,0.08199805558479363,951.3761463452283,72.65659859549457,3277.288837287135,1003.0346149819003,15.059539234722187,31.0,163.0,0,0.13333333333274075,0.7168141592888637,0.0,0.31088495575083563,152.0
Firm 210,39796.22152865252,7699.697028285296,5,727.1543502453321,105.12808948016712,301160.15884559107,727.1543502453321,39796.22152865252,7699.697028285296,5,0.1934780924551257,727.1543502453321,105.12808948016712,301160.15884559107,727.1543502453321,23.206953189894357,1.0,137.0,5,0.0,0.6017699115017621,0.49999999995,0.3106194690156167,153.0
Firm 299,9.022845142751006,7.26816031875292,5,129.7749555214545,10.451854369790142,256.22514733586075,110.05105051786231,9.022845142751006,7.26816031875292,5,0.8055286557358454,129.7749555214545,10.451854369790142,256.22514733586075,110.05105051786231,7.8548187627854364,112.0,56.0,0,0.49333333333114077,0.24336283185733026,0.0,0.3071769911490789,154.0
Firm 58,2.56313344e-07,5.731340607242878e-07,5,77.49057676916699,100.61840576061006,327.68848848757426,71.32363910242915,2.56313344e-07,5.731340607242878e-07,5,2.2360679774997894,77.49057676916699,100.61840576061006,327.68848848757426,71.32363910242915,5.795110715036406,144.0,13.0,0,0.6355555555527309,0.05309734513250842,0.0,0.30458407079510685,155.0
Firm 113,94.71432100570522,55.22542266473895,5,126.20013043866697,14.099065306366178,198.30825439914372,126.20013043866697,94.71432100570522,55.22542266473895,5,0.5830736268638023,126.20013043866697,14.099065306366178,198.30825439914372,126.20013043866697,9.856220575362105,86.0,87.0,0,0.3777777777760988,0.3805309734496437,0.0,0.30318584070661975,156.0
Firm 279,50.41771657713459,36.861791331656335,5,79.16795023739576,8.881584222758283,70.88728988255218,79.16795023739576,50.41771657713459,36.861791331656335,5,0.731127743067481,79.16795023739576,8.881584222758283,70.88728988255218,79.16795023739576,8.215082267732184,107.0,59.0,0,0.4711111111090173,0.2566371681404574,0.0,0.3018230088482179,157.0
Firm 156,61.137403251023876,15.438004653091461,5,720.6092931833366,154.01746519858295,5824.398031614285,587.1144017881458,61.137403251023876,15.438004653091461,5,0.25251325427912935,720.6092931833366,154.01746519858295,5824.398031614285,587.1144017881458,12.799330722112284,53.0,124.0,0,0.23111111111008395,0.5442477876082114,0.0,0.29448672566241174,158.0
Firm 42,44.911172209911236,26.12130740191571,5,99.67744592032925,4.0026772012720775,560.9850276027482,71.29046190782627,44.911172209911236,26.12130740191571,5,0.5816215902766199,99.67744592032925,4.0026772012720775,560.9850276027482,71.29046190782627,10.158183698977329,80.0,89.0,0,0.3511111111095506,0.3893805309717284,0.0,0.2942831858394027,159.0
Firm 285,272.10298336727453,81.79445537955593,5,184.71833455662755,25.12515661382174,780.3451543716997,142.27637035136678,272.10298336727453,81.79445537955593,5,0.3006010973027547,184.71833455662755,25.12515661382174,780.3451543716997,142.27637035136678,12.270865943733412,57.0,118.0,0,0.24888888888778274,0.5176991150419571,0.0,0.2931946902641872,160.0
Firm 241,30.638225748992,25.16278214734663,5,32.25581798185253,11.389114074098792,128.79826784632013,32.255817981023846,30.638225748992,25.16278214734663,5,0.8212871839739116,32.25581798185253,11.389114074098792,128.79826784632013,32.255817981023846,8.320347524517286,103.0,55.0,0,0.45333333333131853,0.2389380530962879,0.0,0.28762831858279414,161.0
Firm 86,14.306991338805247,11.884577940475932,5,36.3029654227026,7.701002757161431,265.7571198547149,36.3029654227026,14.306991338805247,11.884577940475932,5,0.830683241433233,36.3029654227026,7.701002757161431,265.7571198547149,36.3029654227026,8.314648255216996,104.0,53.0,0,0.45777777777574324,0.23008849557420316,0.0,0.28653097345005557,162.0
Firm 311,8694.963327790267,6007.6822630748975,5,11033.477684274669,2491.0149153324387,256204.97936770399,11662.33700576516,8694.963327790267,6007.6822630748975,5,0.6909381945146957,11033.477684274669,2491.0149153324387,256204.97936770399,11662.33700576516,21.524351218500904,2.0,67.0,9,0.004444444444424691,0.2920353982287963,0.89999999991,0.28421238936206983,163.0
Firm 76,2374.0337303312567,216.8130756467109,5,1475.7052000299227,286.7448237396498,14426.785485764567,1063.0978165182783,2374.0337303312567,216.8130756467109,5,0.09132687243515207,1475.7052000299227,286.7448237396498,14426.785485764567,1063.0978165182783,17.349678092613456,19.0,160.0,0,0.07999999999964445,0.7035398230057366,0.0,0.2822389380518478,164.0
Firm 243,143.34214606477312,90.99578000481743,5,89.78262288059722,61.02884437788478,147.50863944115076,104.23638288059722,143.34214606477312,90.99578000481743,5,0.6348152480129499,89.78262288059722,61.02884437788478,147.50863944115076,104.23638288059722,9.972829630261264,84.0,76.0,0,0.3688888888872494,0.33185840707817765,0.0,0.2821504424766244,165.0
Firm 242,393.6071934210089,221.21575928857956,5,284.02258728435464,167.83196902605252,259.13201275507754,311.96652328435465,393.6071934210089,221.21575928857956,5,0.5620216372721711,284.02258728435464,167.83196902605252,259.13201275507754,311.96652328435465,11.539080066599372,66.0,99.0,0,0.28888888888760494,0.4336283185821521,0.0,0.28176991150317543,166.0
Firm 165,204.46660803578675,76.50343359751977,5,192.97404298161018,7.089914770471032,1402.8440077226721,192.9740429811091,204.46660803578675,76.50343359751977,5,0.3741610150060775,192.97404298161018,7.089914770471032,1402.8440077226721,192.9740429811091,12.572253002225544,55.0,113.0,0,0.23999999999893334,0.49557522123674524,0.0,0.2814513274323808,167.0
Firm 92,295.8623384550154,185.49893749432212,5,112.17419788811674,16.13876656662037,77.0181556331643,106.39269388811674,295.8623384550154,185.49893749432212,5,0.6269771896720354,112.17419788811674,16.13876656662037,77.0181556331643,106.39269388811674,10.05021008859659,81.0,78.0,0,0.35555555555397533,0.34070796460026237,0.0,0.27924778760938074,168.0
Firm 262,20.52882962475948,14.391169543718807,5,182.36661750508958,28.494645677724453,566.3394008331063,146.46028407742827,20.52882962475948,14.391169543718807,5,0.7010224063802378,182.36661750508958,28.494645677724453,566.3394008331063,146.46028407742827,9.410350664870933,90.0,66.0,0,0.39555555555379757,0.28761061946775396,0.0,0.2786637168129228,169.0
Firm 247,16094.137198569753,6682.647955223833,5,138.26918246431745,44.59213550115245,88003.10006220418,138.26918246431745,16094.137198569753,6682.647955223833,5,0.41522250449174153,138.26918246431745,44.59213550115245,88003.10006220418,138.26918246431745,21.071411151985117,5.0,109.0,5,0.017777777777698765,0.4778761061925758,0.49999999995,0.275256637157366,170.0
Firm 150,531.2582984611,196.52334334179795,5,1228.0569513678006,225.23777314351517,-761.1926975159644,1106.6453673678006,531.2582984611,196.52334334179795,5,0.3699205149567896,1228.0569513678006,225.23777314351517,-761.1926975159644,1106.6453673678006,12.91332830253253,51.0,114.0,0,0.22222222222123458,0.49999999999778766,0.0,0.2749999999987812,171.0
Firm 281,965.9045440528378,191.4782122757867,5,1066.237866459577,127.09253890741249,3444.171470174805,1064.153369493927,965.9045440528378,191.4782122757867,5,0.19823719999531578,1066.237866459577,127.09253890741249,3444.171470174805,1064.153369493927,15.018828732933123,32.0,136.0,0,0.13777777777716543,0.5973451327407198,0.0,0.27107079645897636,172.0
Firm 10,7738.535206662338,3756.6109598875205,5,5029.613552710061,1171.917918024856,139955.03997376055,5657.87453780651,7738.535206662338,3756.6109598875205,5,0.48544212303296636,5029.613552710061,1171.917918024856,139955.03997376055,5657.87453780651,20.803180566057467,6.0,104.0,5,0.02222222222212346,0.45575221238736396,0.49999999995,0.26951327432553296,173.0
Firm 234,2892.406273495245,341.27176979371234,5,3227.3028231469057,122.25801055748938,12863.2838596608,3189.4385649664,2892.406273495245,341.27176979371234,5,0.11798887760719462,3227.3028231469057,122.25801055748938,12863.2838596608,3189.4385649664,17.432399785782174,18.0,149.0,0,0.07555555555521976,0.6548672566342705,0.0,0.2632035398218435,174.0
Firm 158,551.191238588158,226.86195359254987,5,361.2202478341369,24.024694665814675,1029.1577641843035,351.60463898006793,551.191238588158,226.86195359254987,5,0.4115848324687501,361.2202478341369,24.024694665814675,1029.1577641843035,351.60463898006793,13.25136167160143,48.0,110.0,0,0.2088888888879605,0.48230088495361817,0.0,0.2628053097333486,175.0
Firm 114,151.17390082526617,83.4375208904689,5,60.47292772480993,4.111707420142868,2608.7861488797535,61.05107823334803,151.17390082526617,83.4375208904689,5,0.5519307263686334,60.47292772480993,4.111707420142868,2608.7861488797535,61.05107823334803,12.892047512921991,52.0,102.0,0,0.22666666666565927,0.4469026548652792,0.0,0.2584159292023944,176.0
Firm 197,39.71031222363712,84.13583568336047,5,162.30105579181168,266.3773934995947,55.94250741043108,162.3010557924862,39.71031222363712,84.13583568336047,5,2.1187402206643835,162.30105579181168,266.3773934995947,55.94250741043108,162.3010557924862,7.748523548834241,114.0,20.0,0,0.5022222222199901,0.084070796459805,0.0,0.2554247787599273,177.0
Firm 275,107.66735200243652,70.3215963154267,5,355.65649937838737,26.76696396899522,520.2988529806796,355.65649937838737,107.66735200243652,70.3215963154267,5,0.6531376039956414,355.65649937838737,26.76696396899522,520.2988529806796,355.65649937838737,10.944614890915616,72.0,72.0,0,0.3155555555541531,0.31415929203400816,0.0,0.25195575221127176,178.0
Firm 325,224.22140053900904,130.47053651550752,5,257.1663037253898,145.3525728648447,885.0369272239493,257.1663037215355,224.22140053900904,130.47053651550752,5,0.5818826222736435,257.1663037253898,145.3525728648447,885.0369272239493,257.1663037215355,12.203842549105904,59.0,88.0,0,0.25777777777663213,0.38495575221068606,0.0,0.2507345132732246,179.0
Firm 155,4.403891816816026,9.847401467955686,5,186.40705421630014,5.651955170982141,152.3278860178237,186.40705421630014,4.403891816816026,9.847401467955686,5,2.23606797749979,186.40705421630014,5.651955170982141,152.3278860178237,186.40705421630014,6.719698075016821,124.0,4.0,0,0.546666666664237,0.013274336283127105,0.0,0.25064601769800116,180.0
Firm 34,5012.033105775377,3197.963100393338,5,10578.208868340447,674.2459698057812,140771.93339295004,10578.208868377758,5012.033105775377,3197.963100393338,5,0.6380570584636238,10578.208868340447,674.2459698057812,140771.93339295004,10578.208868377758,20.374699891028015,8.0,75.0,6,0.031111111110972842,0.32743362831713524,0.59999999994,0.24860176989893512,181.0
Firm 268,80.81858810823886,74.20403108945926,5,223.8677186373327,204.45967264292432,177.2171961679635,223.8677186373327,80.81858810823886,74.20403108945926,5,0.9181554989562446,223.8677186373327,204.45967264292432,177.2171961679635,223.8677186373327,9.587507465920984,89.0,47.0,0,0.39111111110937286,0.20353982300794896,0.0,0.24723893805199992,182.0
Firm 286,117.93536054122701,75.81634335884999,5,188.9010599909581,53.16032717036302,840.2609034436794,188.9010599909581,117.93536054122701,75.81634335884999,5,0.6428635399163989,188.9010599909581,53.16032717036302,840.2609034436794,188.9010599909581,11.513481998679733,68.0,74.0,0,0.2977777777764543,0.3230088495560929,0.0,0.24705309734403696,183.0
Firm 199,7571.920089966354,4263.520610203329,5,2749.025402729744,522.5484898385181,61580.3556045732,2992.7748063565145,7571.920089966354,4263.520610203329,5,0.5630699425701776,2749.025402729744,522.5484898385181,61580.3556045732,2992.7748063565145,19.960448452044044,9.0,98.0,4,0.03555555555539753,0.42920353982110976,0.39999999996,0.2462212389293173,184.0
Firm 157,1.828882432,4.0895054408071365,5,72.7673583616,8.6410228251558,408.8124604416,72.7673583616,1.828882432,4.0895054408071365,5,2.23606797749979,72.7673583616,8.6410228251558,408.8124604416,72.7673583616,7.055581374803898,121.0,4.0,0,0.533333333330963,0.013274336283127105,0.0,0.24464601769802782,185.0
Firm 317,2096.438331228774,470.2688388259571,5,173.993887833088,54.63929044903502,12155.240703571353,175.940327513088,2096.438331228774,470.2688388259571,5,0.22431799296014635,173.993887833088,54.63929044903502,12155.240703571353,175.940327513088,17.05406999188211,22.0,131.0,0,0.09333333333291852,0.5752212389355079,0.0,0.24332743362724107,186.0
Firm 60,9.349569814222848,24.811165193028973,5,61.081233220429816,84.64184171792202,155.62547931440741,61.081233220429816,9.349569814222848,24.811165193028973,5,2.653722650991437,61.081233220429816,84.64184171792202,155.62547931440741,61.081233220429816,7.3908024284834895,118.0,3.0,0,0.5199999999976889,0.008849557522084738,0.0,0.23709734513168965,187.0
Firm 106,103.23829665851392,64.16232257023385,5,173.89305757547442,98.69612369620822,1946.7869896839525,129.49859140169036,103.23829665851392,64.16232257023385,5,0.6214972994223891,173.89305757547442,98.69612369620822,1946.7869896839525,129.49859140169036,12.221128722120584,58.0,80.0,0,0.2533333333322074,0.3495575221223471,0.0,0.2363451327423148,188.0
Firm 318,312.39784785102313,180.27173730904704,5,471.4838983814733,268.81528851017185,2084.3394507002713,495.0825681444221,312.39784785102313,180.27173730904704,5,0.5770581921390681,471.4838983814733,268.81528851017185,2084.3394507002713,495.0825681444221,13.390160389871548,47.0,90.0,0,0.20444444444353582,0.3938053097327708,0.0,0.2298318584060609,189.0
Firm 105,11638.470013274238,11965.309455502711,5,15077.066688416982,3405.7215040513115,164213.085966465,20699.956202540783,11638.470013274238,11965.309455502711,5,1.0280826811303974,15077.066688416982,3405.7215040513115,164213.085966465,20699.956202540783,21.371083446487347,3.0,41.0,8,0.008888888888849382,0.17699115044169475,0.79999999992,0.22594690263857542,190.0
Firm 192,72.22571894707065,87.55543970903082,5,254.68734107859865,131.20619265006357,-274.3878965381372,215.10331035859866,72.22571894707065,87.55543970903082,5,1.212247395878389,254.68734107859865,131.20619265006357,-274.3878965381372,215.10331035859866,9.911727347659156,85.0,37.0,0,0.37333333333167407,0.15929203539752526,0.0,0.22375221238838716,191.0
Firm 154,106.78576312430387,98.08074965133252,5,91.41904850708264,85.47952391142582,276.38661372472177,91.41904850708264,106.78576312430387,98.08074965133252,5,0.9184815164654647,91.41904850708264,85.47952391142582,276.38661372472177,91.41904850708264,10.305557832757577,78.0,46.0,0,0.34222222222070126,0.19911504424690657,0.0,0.22369026548573287,192.0
Firm 40,855.8451961629883,475.43680265941254,5,549.0121450319197,43.512681642617885,2460.212368051946,429.4912981694415,855.8451961629883,475.43680265941254,5,0.5555172883962414,549.0121450319197,43.512681642617885,2460.212368051946,429.4912981694415,14.56166660776489,35.0,101.0,0,0.1511111111104395,0.44247787610423683,0.0,0.22286725663618068,193.0
Firm 89,266.3651870788485,151.79837717716708,5,594.4440192153057,43.985343564637915,5675.969775354271,635.7150699141866,266.3651870788485,151.79837717716708,5,0.5698882006387428,594.4440192153057,43.985343564637915,5675.969775354271,635.7150699141866,14.232788344865806,37.0,96.0,0,0.1599999999992889,0.420353982299025,0.0,0.21912389380433875,194.0
Firm 25,4558.416008742244,1108.530460494576,5,14.453856499892675,0.7074999006185113,32964.79657845052,14.453856500123933,4558.416008742244,1108.530460494576,5,0.2431832589146336,14.453856499892675,0.7074999006185113,32964.79657845052,14.453856500123933,18.82817566167396,13.0,126.0,0,0.0533333333330963,0.5530973451302961,0.0,0.21758407079549694,195.0
Firm 30,4938.487283412377,1967.1009039849525,5,4226.846256110769,1406.0040283184755,44249.16946165467,3307.9304127347264,4938.487283412377,1967.1009039849525,5,0.3983205364509378,4226.846256110769,1406.0040283184755,44249.16946165467,3307.9304127347264,19.202631296083275,12.0,111.0,1,0.04888888888867161,0.48672566371466053,0.09999999999,0.21235398229803343,196.0
Firm 6,2525.2234017567193,728.8557252942529,5,4016.855644220588,543.7613355970967,51074.42260497749,4062.9678907193984,2525.2234017567193,728.8557252942529,5,0.28863019596096356,4016.855644220588,543.7613355970967,51074.42260497749,4062.9678907193984,18.67553943377267,14.0,121.0,0,0.05777777777752099,0.5309734513250842,0.0,0.21184070796366392,197.0
Firm 209,135.6365475315712,100.98189666178891,5,11.5342812483584,1.4750929092167764,1340.382025908429,11.5342812483584,135.6365475315712,100.98189666178891,5,0.7445035906585873,11.5342812483584,1.4750929092167764,1340.382025908429,11.5342812483584,12.118780186900977,62.0,58.0,0,0.2711111111099062,0.252212389379415,0.0,0.21027433628225303,198.0
Firm 33,6.062454190333953,7.554978635345032,5,559.4728692528372,318.4981276146814,4578.496832073767,559.4728692528372,6.062454190333953,7.554978635345032,5,1.246191459457257,559.4728692528372,318.4981276146814,4578.496832073767,559.4728692528372,10.38413701920746,77.0,35.0,0,0.33777777777627654,0.15044247787544052,0.0,0.20465486725572862,199.0
Firm 208,1116.6180335255551,481.5729473263418,5,45.239842317721596,9.334781092088932,28611.976579747025,45.239842317721596,1116.6180335255551,481.5729473263418,5,0.43127813886889055,45.239842317721596,9.334781092088932,28611.976579747025,45.239842317721596,17.28057056422144,20.0,108.0,0,0.08444444444406914,0.4734513274315334,0.0,0.2037079646008678,200.0
Firm 32,191.11604151758394,174.90395335782017,5,307.0190210828125,281.01636268023594,686.519800043621,305.7788747582906,191.11604151758394,174.90395335782017,5,0.915171494600718,307.0190210828125,281.01636268023594,686.519800043621,305.7788747582906,11.791190201555533,64.0,49.0,0,0.2799999999987556,0.21238938053003367,0.0,0.20033628318495178,201.0
Firm 73,7733.298147197971,5540.704259982478,5,4450.110355021542,1950.2066144554221,52377.89575952992,3348.34555964678,7733.298147197971,5540.704259982478,5,0.7164736383518406,4450.110355021542,1950.2066144554221,52377.89575952992,3348.34555964678,19.819679058119654,11.0,64.0,4,0.04444444444424692,0.2787610619456692,0.39999999996,0.19756637167289534,202.0
Firm 267,267.5946781543626,245.44168587986138,5,237.23697379924428,217.96257432760513,518.0043692060533,236.00902177709264,267.5946781543626,245.44168587986138,5,0.9172143765066874,237.23697379924428,217.96257432760513,518.0043692060533,236.00902177709264,11.84511577225718,63.0,48.0,0,0.27555555555433087,0.20796460176899131,0.0,0.19678761061859584,203.0
Firm 189,244.11524741758566,158.04335392623315,5,22.424050787783067,1.2142530278202877,3436.972965525997,22.424050787783067,244.11524741758566,158.04335392623315,5,0.6474128740343811,22.424050787783067,1.2142530278202877,3436.972965525997,22.424050787783067,13.644365820046641,43.0,73.0,0,0.18666666666583703,0.3185840707950505,0.0,0.19550442477789434,204.0
Firm 321,3.4043597899571196,12.179584937359472,5,130.3962406260472,135.13995718013666,1894.656825399684,143.88412631310868,3.4043597899571196,12.179584937359472,5,3.57764328355931,130.3962406260472,135.13995718013666,1894.656825399684,143.88412631310868,9.029915578869886,94.0,2.0,0,0.4133333333314963,0.004424778761042369,0.0,0.18754867256553814,205.0
Firm 35,408.87317645512564,267.62336926779153,5,223.69170190797658,70.29674966776545,3592.444039438274,278.41707872070134,408.87317645512564,267.62336926779153,5,0.6545388268999435,223.69170190797658,70.29674966776545,3592.444039438274,278.41707872070134,14.202714150197433,38.0,71.0,0,0.1644444444437136,0.3097345132729658,0.0,0.18240707964520914,206.0
Firm 47,328.22605774984396,237.9209810581148,5,41.94285574334521,24.51515722563777,2028.8081403897297,49.65152774272852,328.22605774984396,237.9209810581148,5,0.7248692644611575,41.94285574334521,24.51515722563777,2028.8081403897297,49.65152774272852,13.412441175885,46.0,60.0,0,0.1999999999991111,0.26106194690149975,0.0,0.18137168141512489,207.0
Firm 71,26.9786711240704,60.326142576032076,5,77.41469644858778,173.10452371655384,787.958708474536,77.41469644858778,26.9786711240704,60.326142576032076,5,2.23606797749979,77.41469644858778,173.10452371655384,787.958708474536,77.41469644858778,10.002156459807797,83.0,4.0,0,0.3644444444428247,0.013274336283127105,0.0,0.1686460176983656,208.0
Firm 272,610.9782194358497,411.6605267761799,5,1178.0341586145455,667.1789582980708,10134.410611845746,964.1059701014549,610.9782194358497,411.6605267761799,5,0.6737728345804029,1178.0341586145455,667.1789582980708,10134.410611845746,964.1059701014549,15.640487265029634,30.0,70.0,0,0.12888888888831607,0.30530973451192345,0.0,0.16485840707891541,209.0
Firm 132,386.16060851121335,366.9029931673926,5,482.91473879402184,450.5459237262615,1157.9029084613646,482.91473879402184,386.16060851121335,366.9029931673926,5,0.950130554698301,482.91473879402184,450.5459237262615,1157.9029084613646,482.91473879402184,13.014068684021577,50.0,43.0,0,0.2177777777768099,0.18584070796377947,0.0,0.16304424778688725,210.0
Firm 91,315.41886484067174,288.4078392070673,5,438.4208877758956,401.71966181292805,2628.1397865955405,411.2232755184656,315.41886484067174,288.4078392070673,5,0.914364584225967,438.4208877758956,401.71966181292805,2628.1397865955405,411.2232755184656,13.631478851836587,44.0,50.0,0,0.19111111111026174,0.21681415929107606,0.0,0.16188495575149442,211.0
Firm 305,803.2063596527719,541.5745099684373,5,80.01918013794509,7.355957825011401,11076.004490923737,80.01918013601792,803.2063596527719,541.5745099684373,5,0.6742657144828401,80.01918013794509,7.355957825011401,11076.004490923737,80.01918013601792,16.002482473425264,28.0,69.0,0,0.11999999999946667,0.30088495575088103,0.0,0.15930973451256836,212.0
Firm 79,104.6455342581801,233.99452814307375,5,136.2798415875215,304.730989752601,337.3999024727936,136.2798415875215,104.6455342581801,233.99452814307375,5,2.23606797749979,136.2798415875215,304.730989752601,337.3999024727936,136.2798415875215,10.48431781349181,76.0,4.0,0,0.3333333333318519,0.013274336283127105,0.0,0.15464601769842784,213.0
Firm 151,6190.286797857177,4470.822486488769,5,2147.2621856404603,175.23828657078857,66685.7820159914,2330.411323417395,6190.286797857177,4470.822486488769,5,0.7222318823800513,2147.2621856404603,175.23828657078857,66685.7820159914,2330.411323417395,19.8386602690016,10.0,61.0,2,0.039999999999822226,0.2654867256625421,0.19999999998,0.15092035397780976,214.0
Firm 51,2467.512542564393,1746.2018876102532,5,8.453404676350054,2.4398367777742487,11963.382263031674,8.454175543550054,2467.512542564393,1746.2018876102532,5,0.707677005684231,8.453404676350054,2.4398367777742487,11963.382263031674,8.454175543550054,17.20106040907833,21.0,65.0,0,0.08888888888849383,0.2831858407067116,0.0,0.13911504424717128,215.0
Firm 17,1671.8612868239975,1247.6219777275853,5,160.64805024293068,108.1328053548611,6280.82182243607,160.64805024100352,1671.8612868239975,1247.6219777275853,5,0.7462473038643467,160.64805024293068,108.1328053548611,6280.82182243607,160.64805024100352,16.1677061012182,27.0,57.0,0,0.11555555555504197,0.24778761061837262,0.0,0.1387256637161993,216.0
Firm 26,16221.075744717124,16332.626828050557,5,4073.6909116617853,383.2793927777507,52431.95780671099,4073.6909116617853,16221.075744717124,16332.626828050557,5,1.0068769226584595,4073.6909116617853,383.2793927777507,52431.95780671099,4073.6909116617853,20.56141893224823,7.0,42.0,3,0.02666666666654815,0.1814159292027371,0.29999999997,0.13549557521490466,217.0
Firm 38,2193.998404213419,2005.0341892080642,5,2039.5503825220105,1868.3619919511991,6219.7656550943775,1752.2124595572793,2193.998404213419,2005.0341892080642,5,0.9138722185747892,2039.5503825220105,1868.3619919511991,6219.7656550943775,1752.2124595572793,16.429584872331088,26.0,51.0,0,0.11111111111061729,0.22123893805211842,0.0,0.12743362831801922,218.0
Firm 19,446.5879835196189,611.8246513336139,5,729.4026322118067,997.1580791004753,2085.092233491355,594.5008722118066,446.5879835196189,611.8246513336139,5,1.3699980158707878,729.4026322118067,997.1580791004753,2085.092233491355,594.5008722118066,13.74692097966976,42.0,30.0,0,0.18222222222141235,0.1283185840702287,0.0,0.12691150442421562,219.0
Firm 216,222.67977053948107,309.479559351649,5,1266.0115251410614,2825.5043129360456,12497.311385823517,1233.3029813761555,222.67977053948107,309.479559351649,5,1.3897964714166902,1266.0115251410614,2825.5043129360456,12497.311385823517,1233.3029813761555,14.843564258233028,33.0,28.0,1,0.14222222222159012,0.11946902654814395,0.09999999999,0.12581415928956594,220.0
Firm 24,265.5322432749056,364.4218887496205,5,16.370153927787563,15.0315999970308,4241.183388739945,16.370153927787563,265.5322432749056,364.4218887496205,5,1.3724204799201518,16.370153927787563,15.0315999970308,4241.183388739945,16.370153927787563,13.938328590044964,40.0,29.0,0,0.17333333333256298,0.12389380530918631,0.0,0.12136283185786856,221.0
Firm 53,176.10102133329917,230.68774450234775,5,379.03173233397763,88.6450574473763,11574.935896447385,396.3762443339776,176.10102133329917,230.68774450234775,5,1.309973915856709,379.03173233397763,88.6450574473763,11574.935896447385,396.3762443339776,14.533404042429105,36.0,32.0,0,0.1555555555548642,0.13716814159231341,0.0,0.11800884955699859,222.0
Firm 104,3737.6097517558783,4290.585541727695,5,29.900169595955198,1.5499531086594334,13452.371517685484,29.900169595955198,3737.6097517558783,4290.585541727695,5,1.1479490440948354,29.900169595955198,1.5499531086594334,13452.371517685484,29.900169595955198,17.733454121249878,16.0,40.0,1,0.06666666666637037,0.17256637168065236,0.09999999999,0.110398230086095,223.0
Firm 120,3179.0918173204072,2638.3503795973234,5,1662.1233284984978,195.71247857402224,40189.10689500502,1765.6070568008604,3179.0918173204072,2638.3503795973234,5,0.8299069455065743,1662.1233284984978,195.71247857402224,40189.10689500502,1765.6070568008604,18.666041495909656,15.0,54.0,0,0.062222222221945685,0.23451327433524552,0.0,0.11007964601721149,224.0
Firm 188,611.7116211698196,1212.962027926425,5,3891.9127202978366,63.50757909685077,27295.992541320167,3481.9115014827194,611.7116211698196,1212.962027926425,5,1.9828984540244494,3891.9127202978366,63.50757909685077,27295.992541320167,3481.9115014827194,16.632426198479884,23.0,22.0,1,0.09777777777734321,0.09292035398188973,0.09999999999,0.09652212389146586,225.0
Firm 131,2362.042600222271,5146.528595864335,5,349.9122116819845,779.7369832130483,6891.334589936248,354.55700626951983,2362.042600222271,5146.528595864335,5,2.1788466454330844,349.9122116819845,779.7369832130483,6891.334589936248,354.55700626951983,16.60587044910065,24.0,19.0,1,0.10222222222176791,0.07964601769876263,0.09999999999,0.09387610619236249,226.0
